<?xml version="1.0" encoding="UTF-8"?>
<BaliMessageLog>
    <Task name="Lattice_Synthesis">
        <Message>
            <ID>35002000</ID>
            <Severity>Info</Severity>
        </Message>
        <Message>
            <ID>35001781</ID>
            <Severity>Info</Severity>
        </Message>
        <Message>
            <ID>35901018</ID>
            <Severity>Info</Severity>
            <Dynamic>c:/users/vali/onedrive/desktop/calc materie/semafor/semafor/counterceas.v(1): </Dynamic>
            <Dynamic>counterCeas</Dynamic>
            <Navigation>c:/users/vali/onedrive/desktop/calc materie/semafor/semafor/counterceas.v</Navigation>
            <Navigation>1</Navigation>
        </Message>
        <Message>
            <ID>35001611</ID>
            <Severity>Warning</Severity>
        </Message>
    </Task>
    <Task name="Jedecgen">
        <Message>
            <ID>1009992</ID>
            <Severity>Info</Severity>
            <Dynamic> SW_XO3D_SECURITY_ENCRYPTION *NOT* controlled by xo3c00f.acd ###</Dynamic>
        </Message>
        <Message>
            <ID>1009992</ID>
            <Severity>Info</Severity>
            <Dynamic> SW_XO3D_SECURITY_ENCRYPTION license_securityIP OK</Dynamic>
        </Message>
    </Task>
</BaliMessageLog>